SampleLabel,Date,Tank,Substrate Formula,Nutrient,Days,Treatment,Aquarium Type,CRANE Aquarium Type,CRANE Substrate,S-LAB Run,Total N,Total P,Phosphate,Silicate,N+N,Ammonia,DON,DOP,N:P,Nitrate nM,Phosphorus nM,DOC (uM),TN Shimadzu (uM),Carlson DOC (DOC vial),Carlson DOC (fDOM vial),Date 2,Tank 2,Match Flag,Sample Name of fdom Feb 2016.jmp,Tank-Substrate,Nutrient of fdom Feb 2016.reruns.jmp,Tank of fdom Feb 2016.reruns.jmp,Substrate of fdom Feb 2016.reruns.jmp,Experiment of fdom Feb 2016.reruns.jmp,Month,Day,Year,Date of fdom Feb 2016.reruns.jmp,Sample Name of Reruns,Raman peak area of blanks of Sheet1,Total blank1 RU of Sheet1,Total Blank2 RU of Sheet1,Position in final database of Sheet1,Total sample RU after blank subtraction of Sheet1,M:C of Sheet1,BIX of Sheet1,HIX of Sheet1,FI of Sheet1,CobleA of Sheet1,CobleM of Sheet1,CobleC of Sheet1,CobleT of Sheet1,CobleB of Sheet1,PARAFAC1 of Sheet1,PARAFAC2 of Sheet1,PARAFAC3 of Sheet1,PARAFAC4 of Sheet1,PARAFAC5 of Sheet1,PARAFAC6 of Sheet1,Log10(Total P),Log10(Silicate),Log10(N+N),Log10(Ammonia),Log10(DON),Log10(DOP),Log10(Carlson DOC (fDOM vial)),Log10(Total sample RU after blank subtraction of Sheet1),Log10(M:C of Sheet1),Log10(BIX of Sheet1),Log10(HIX of Sheet1),Log10(FI of Sheet1),Log10(CobleA of Sheet1),Log10(CobleM of Sheet1),Log10(CobleC of Sheet1),Log10(CobleT of Sheet1),Log10(CobleB of Sheet1),Log10(PARAFAC1 of Sheet1),Log10(PARAFAC2 of Sheet1),Log10(PARAFAC3 of Sheet1),Log10(PARAFAC4 of Sheet1),Log10(PARAFAC5 of Sheet1),Log10(PARAFAC6 of Sheet1),DOC:DON
Source_A0,10/24/2015,So,r,A0,02d,A,Source,,,October,4.59,0.34,0.09,6.47,0.44,0.05,4.1,0.25,1.2941176471,440,340,13.04,5.48,,,10/23/2015,S,3,CHAIN_SOURCE_10_23_15,SOURCE,N0,S,Source,CHAIN,10,23,15,10/23/2015,CHAIN_SOURCE_10_23_15,37791.818985423,59.072119447764,90.943218631007,52,40.653386660511,1.2438199134509,0.9214144621511,2.6910339347741,1.6112874988605,0.0271650318079,0.0319333066818,0.0256735772891,0.0321588003098,0.0145958427955,0.0120613482791,0.0500020234295,0.0274697453978,0.0144552924244,0.0258683638792,0.0351327196902,-0.4685211,0.81090428,-0.3565473,-1.30103,0.61278386,-0.60206,,1.60909673,0.09475751,-0.035545,0.42991917,0.20717304,-1.5659898,-1.4957561,-1.5905136,-1.4927002,-1.8357708,-1.9186041,-1.3010124,-1.5611454,-1.8399731,-1.587231,-1.4542882,
T1_N4,10/24/2015,T1,N,N4,02d,N4,CHAIN,Input,,October,13.99,2.63,2.61,4.69,7.4,0.1,6.49,0.02,2.8136882129,7400,2630,70.12,17.32,,,10/23/2015,1,3,CHAIN_1_N4_10_23_15,1,N4,1,CHAIN,CHAIN,10,23,15,10/23/2015,CHAIN_1_N4_10_23_15,37100.169427099,63.95294803818,63.697363164004,41,48.246213555981,1.1084738237383,0.9008175044426,2.5572876816599,1.6172122411466,0.0262976951675,0.0295906858325,0.026694979348,0.0301431131631,0.0246003323061,0.0175914106539,0.0508345894791,0.025883734937,0.0149837473418,0.0267514889555,0.0291771778306,0.41995575,0.67117284,0.86923172,-1,0.8122447,-1.69897,,1.68346323,0.04472544,-0.0453632,0.40777959,0.20876702,-1.5800823,-1.528845,-1.5735704,-1.5208119,-1.609059,-1.7546993,-1.2938407,-1.5869731,-1.8243796,-1.572652,-1.5349567,
T3_N0,10/24/2015,T3,N,N0,02d,N0,CHAIN,Input,,October,6.2,0.31,0.09,4.53,0.38,0.07,5.75,0.22,1.2258064516,380,310,70.26,10.57,,,10/23/2015,3,3,CHAIN_3_N0_10_23_15,3,N0,3,CHAIN,CHAIN,10,23,15,10/23/2015,CHAIN_3_N0_10_23_15,37077.99296148,63.735460759677,60.209376693458,47,50.477561781999,1.2313089971083,0.8988093938944,2.4865206005883,1.5932039826688,0.0272985785705,0.0321413503742,0.0261033992683,0.0336694414877,0.0224924470092,0.014838009349,0.0506358068702,0.0274431712417,0.0144723897078,0.0279257634495,0.031837489003,-0.5086383,0.6560982,-0.4202164,-1.154902,0.75966784,-0.6575773,,1.70309837,0.09036705,-0.0463324,0.39559206,0.20227138,-1.56386,-1.4929359,-1.5833029,-1.4727641,-1.6479633,-1.8286244,-1.2955423,-1.5615657,-1.8394598,-1.5539949,-1.4970612,
T2_N4,10/24/2015,T2,N,N4,02d,N4,CHAIN,Input,,October,11.59,2.04,1.99,4.05,6.12,0.25,5.22,0.05,3,6120,2040,78.48,16.07,,,10/23/2015,2,3,CHAIN_2_N4_10_23_15,2,N4,2,CHAIN,CHAIN,10,23,15,10/23/2015,CHAIN_2_N4_10_23_15,37077.99296148,63.735460759677,60.209376693458,46,65.859466806577,1.2658100001821,0.9874296390662,2.1781446050672,1.6113244347072,0.0285818009917,0.034423813564,0.027195087382,0.0462658349548,0.0366074062277,0.0191466552948,0.0539295708319,0.026877134018,0.0152616828186,0.030886110994,0.0777762376834,0.30963017,0.60745502,0.78675142,-0.60206,0.7176705,-1.30103,,1.81861821,0.10236852,-0.0054938,0.33808671,0.20718299,-1.5439104,-1.463141,-1.5655095,-1.3347396,-1.436431,-1.7179071,-1.268173,-1.570617,-1.8163976,-1.5102368,-1.1091531,
T3_N2,10/24/2015,T3,N,N2,02d,N2,CHAIN,Input,,October,10.22,1.52,1.34,4.79,3.78,0.08,6.36,0.18,2.4868421053,3780,1520,79.65,15.04,,,10/23/2015,3,3,CHAIN_3_N2_10_23_15,3,N2,3,CHAIN,CHAIN,10,23,15,10/23/2015,CHAIN_3_N2_10_23_15,37077.99296148,63.735460759677,60.209376693458,49,46.80481509623,1.1938697886375,0.8945262680876,3.0673530514375,1.5966078826914,0.0265626158224,0.0308817087473,0.0258668985858,0.0272458937611,0.0137269972345,0.0094234668178,0.050828998307,0.0267718273413,0.0146205871465,0.0243146082635,0.0293948352197,0.18184359,0.68033551,0.5774918,-1.09691,0.80345712,-0.7447275,,1.67029053,0.07695696,-0.0484069,0.48676377,0.20319827,-1.5757292,-1.5102987,-1.5872556,-1.5646989,-1.8624245,-2.0257893,-1.2938884,-1.572322,-1.8350352,-1.6141327,-1.531729,
T1_N1,10/24/2015,T1,N,N1,02d,N1,CHAIN,Input,,October,7.37,0.74,0.62,4.48,1.61,0.02,5.74,0.12,2.1756756757,1610,740,79.81,12.65,,,10/23/2015,1,3,CHAIN_1_N1_10_23_15,1,N1,1,CHAIN,CHAIN,10,23,15,10/23/2015,CHAIN_1_N1_10_23_15,37100.169427099,63.95294803818,63.697363164004,38,41.533418541755,1.1502995334078,0.897150275345,2.4923762103428,1.6262448483955,0.0262131660043,0.0301510396527,0.0262114682107,0.0275624599445,0.011749581105,0.0071070944727,0.0495079579689,0.0266898271901,0.0143348249577,0.0266156600302,0.0235375194085,-0.1307683,0.65127801,0.20682588,-1.69897,0.75891189,-0.9208188,,1.61839768,0.06081094,-0.0471348,0.3966136,0.21118593,-1.5814805,-1.5206977,-1.5815087,-1.559682,-1.9299776,-2.1483079,-1.305325,-1.5736542,-1.8436076,-1.5748628,-1.6282393,
T3_N4,10/24/2015,T3,N,N4,02d,N4,CHAIN,Input,,October,11.97,1.98,1.88,4.66,5.75,0.34,5.88,0.1,2.904040404,5750,1980,79.92,17.14,,,10/23/2015,3,3,CHAIN_3_N4_10_23_15,3,N4,3,CHAIN,CHAIN,10,23,15,10/23/2015,CHAIN_3_N4_10_23_15,37791.818985423,59.072119447764,90.943218631007,51,39.480532060894,1.2221953247472,0.9293014904666,3.0239941194589,1.6239590753141,0.0259598325325,0.0308381925386,0.0252318037176,0.0320200337739,0.0138958785516,0.0072922376477,0.0483644807187,0.0261125487065,0.0143069468918,0.0258918984836,0.0388626262279,0.29666519,0.66838592,0.75966784,-0.4685211,0.76937733,-1,,1.596383,0.08714062,-0.0318434,0.48058094,0.21057508,-1.5856981,-1.5109111,-1.5980517,-1.4945782,-1.857114,-2.1371392,-1.3154735,-1.5831507,-1.844453,-1.5868361,-1.4104679,
T1_N2,10/24/2015,T1,N,N2,02d,N2,CHAIN,Input,,October,9.77,1.33,1.29,4.21,3.33,0.1,6.34,0.04,2.5037593985,3330,1330,80.27,14.25,,,10/23/2015,1,3,CHAIN_1_N2_10_23_15,1,N2,1,CHAIN,CHAIN,10,23,15,10/23/2015,CHAIN_1_N2_10_23_15,37100.169427099,63.95294803818,63.697363164004,39,46.900431653679,1.1665316444658,0.8784351152747,2.6402317632397,1.605209511692,0.0267286404284,0.0308146261866,0.0264155938956,0.031294723735,0.0173965217587,0.0086777765041,0.0507630535434,0.0270874969951,0.0145765603199,0.0270520768838,0.0276179075362,0.12385164,0.6242821,0.52244423,-1,0.80208926,-1.39794,,1.67117684,0.06689652,-0.0562903,0.42164205,0.20553172,-1.5730231,-1.5112431,-1.5781396,-1.5045289,-1.7595376,-2.0615915,-1.2944523,-1.5672311,-1.8363449,-1.5677994,-1.5588092,
T1_N0,10/24/2015,T1,N,N0,02d,N0,CHAIN,Input,,October,6.91,0.4,0.05,5.36,0.23,0.02,6.66,0.35,0.575,230,400,81.54,12.36,,,10/23/2015,1,3,CHAIN_1_N0_10_23_15,1,N0,1,CHAIN,CHAIN,10,23,15,10/23/2015,CHAIN_1_N0_10_23_15,37100.169427099,63.95294803818,63.697363164004,37,50.579848039121,1.2241109949153,0.9618278006494,2.2623291419163,1.5707904557956,0.0275519895455,0.0327780783414,0.0267770475697,0.0385295504535,0.0208706130117,0.0168365513751,0.0508783554085,0.0277442047559,0.0147287577606,0.0304305238445,0.0393263028536,-0.39794,0.72916479,-0.6382722,-1.69897,0.82347423,-0.455932,,1.70397752,0.0878208,-0.0169027,0.35455579,0.19611825,-1.559847,-1.4844165,-1.5722373,-1.4142061,-1.6804648,-1.7737469,-1.2934669,-1.5568277,-1.8318339,-1.5166906,-1.4053169,
T2_N2,10/24/2015,T2,N,N2,02d,N2,CHAIN,Input,,October,8.64,1.42,1.2,4.1,3.29,0.14,5.21,0.22,2.3169014085,3290,1420,83.14,14.59,,,10/23/2015,2,3,CHAIN_2_N2_10_23_15,2,N2,2,CHAIN,CHAIN,10,23,15,10/23/2015,CHAIN_2_N2_10_23_15,37077.99296148,63.735460759677,60.209376693458,44,53.158486697936,1.2106737934536,0.877367101286,2.7349324129598,1.5813266266645,0.0274655867963,0.0319131235777,0.026359803731,0.0297173519838,0.0283759373367,0.0117255007464,0.0504631273212,0.0274375618119,0.0149640366597,0.0253993337446,0.0355701796866,0.15228834,0.61278386,0.5171959,-0.853872,0.71683772,-0.6575773,,1.72557261,0.08302714,-0.0568187,0.4369466,0.19902158,-1.5612111,-1.4960307,-1.5790578,-1.5269899,-1.5470498,-1.9308686,-1.2970258,-1.5616545,-1.8249512,-1.5951777,-1.4489139,
T2_N3,10/24/2015,T2,N,N3,02d,N3,CHAIN,Input,,October,8.27,1.5,1.34,3.46,3.37,0.15,4.75,0.16,2.2466666667,3370,1500,84.16,14.64,,,10/23/2015,2,3,CHAIN_2_N3_10_23_15,2,N3,2,CHAIN,CHAIN,10,23,15,10/23/2015,CHAIN_2_N3_10_23_15,37077.99296148,63.735460759677,60.209376693458,45,46.103091435485,1.1406879367314,0.8987338132426,2.6435343545385,1.5937298422972,0.0256963365105,0.0295506369775,0.0259059783364,0.0303513928569,0.0202530243021,0.0104896176355,0.050196633083,0.0251589018121,0.0142454954135,0.0258602415628,0.0309892847237,0.17609126,0.5390761,0.5276299,-0.8239087,0.67669361,-0.79588,,1.66373005,0.05716685,-0.0463689,0.42218496,0.2024147,-1.5901288,-1.5294332,-1.5866,-1.5178214,-1.6935101,-1.9792403,-1.2993254,-1.5993083,-1.8463224,-1.5873674,-1.5087884,
T2_N0,10/24/2015,T2,N,N0,02d,N0,CHAIN,Input,,October,6.33,0.23,0.04,4.64,0.29,0.02,6.02,0.19,1.2608695652,290,230,87.58,10.27,,,10/23/2015,2,3,CHAIN_2_N0_10_23_15,2,N0,2,CHAIN,CHAIN,10,23,15,10/23/2015,CHAIN_2_N0_10_23_15,37100.169427099,63.95294803818,63.697363164004,42,44.040169925158,1.2105487453789,0.9098835181155,2.9504445689951,1.603509915952,0.0265172783642,0.0312296501986,0.0257979286813,0.0285954564318,0.0190549316393,0.0066819762798,0.0502393020346,0.0270415851422,0.0142456539607,0.0252421491353,0.0293899737457,-0.6382722,0.66651798,-0.537602,-1.69897,0.77959649,-0.7212464,,1.64384899,0.08298228,-0.0410142,0.46988746,0.20507165,-1.5764711,-1.5054329,-1.5884152,-1.543703,-1.7199926,-2.1750951,-1.2989564,-1.5679679,-1.8463176,-1.5978737,-1.5318008,
T1_N3,10/24/2015,T1,N,N3,02d,N3,CHAIN,Input,,October,13.1,2.15,2.06,4.67,6.32,0.2,6.58,0.09,2.9395348837,6320,2150,89.75,18.43,,,10/23/2015,1,3,CHAIN_1_N3_10_23_15,1,N3,1,CHAIN,CHAIN,10,23,15,10/23/2015,CHAIN_1_N3_10_23_15,37100.169427099,63.95294803818,63.697363164004,40,50.016525020093,1.1833420177756,0.890067783003,2.5002271787445,1.630396366146,0.0274401053118,0.0316314203235,0.0267305815633,0.0317379788628,0.0291539769295,0.0144709991554,0.0509240495027,0.0271066888738,0.0151110824718,0.0279314858307,0.0317433681898,0.33243846,0.66931688,0.80071708,-0.69897,0.81822589,-1.0457575,,1.69911352,0.07311029,-0.0505769,0.39797947,0.2122932,-1.5616142,-1.4998813,-1.5729916,-1.4984207,-1.5353022,-1.8395015,-1.2930771,-1.5669235,-1.8207044,-1.553906,-1.498347,
T3_N1,10/24/2015,T3,N,N1,02d,N1,CHAIN,Input,,October,6.38,0.74,0.55,3.95,1.38,0.05,4.95,0.19,1.8648648649,1380,740,93.25,12.64,,,10/23/2015,3,3,CHAIN_3_N1_10_23_15,3,N1,3,CHAIN,CHAIN,10,23,15,10/23/2015,CHAIN_3_N1_10_23_15,37077.99296148,63.735460759677,60.209376693458,48,47.31400739801,1.1991517446981,0.8931555703957,2.9293252505571,1.6223538533814,0.0269523363173,0.0314062022067,0.0261903485907,0.0299660316721,0.0232820719316,0.0079229061079,0.0500705953161,0.0268496642522,0.0145387039971,0.0257840258736,0.0345130328536,-0.1307683,0.5965971,0.13987909,-1.30103,0.6946052,-0.7212464,,1.67498973,0.07887414,-0.0490729,0.4667676,0.21014558,-1.5694036,-1.5029846,-1.5818587,-1.5233708,-1.6329784,-2.1011155,-1.3004172,-1.5710611,-1.8374743,-1.5886493,-1.4620169,
T2_N1,10/24/2015,T2,N,N1,02d,N1,CHAIN,Input,,October,11.33,0.7,0.62,4.36,1.45,0.13,9.75,0.08,2.0714285714,1450,700,94,13.57,,,10/23/2015,2,3,CHAIN_2_N1_10_23_15,2,N1,2,CHAIN,CHAIN,10,23,15,10/23/2015,CHAIN_2_N1_10_23_15,37077.99296148,63.735460759677,60.209376693458,43,49.688314229838,1.1759744968406,0.9532146061755,2.8787291899088,1.6462111331802,0.0259939685708,0.0303823983419,0.0258359330271,0.0282953776154,0.0210939030155,0.0120813691794,0.0498344704808,0.0267236370446,0.0141386377764,0.0258640276189,0.0312070435791,-0.154902,0.63948649,0.161368,-0.8860566,0.98900462,-1.09691,,1.69625426,0.0703979,-0.0208093,0.45920081,0.21648553,-1.5851274,-1.5173779,-1.5877758,-1.5482845,-1.6758431,-1.9178838,-1.3024702,-1.5731044,-1.8495924,-1.5873038,-1.5057474,
T3_N3,10/24/2015,T3,N,N3,02d,N3,CHAIN,Input,,October,17.85,1.44,1.22,3.87,3.11,0.66,14.08,0.22,2.1597222222,3110,1440,118.39,15.71,,,10/23/2015,3,3,CHAIN_3_N3_10_23_15,3,N3,3,CHAIN,CHAIN,10,23,15,10/23/2015,CHAIN_3_N3_10_23_15,37791.818985423,59.072119447764,90.943218631007,50,45.054869376752,1.1219081436415,0.9109887525487,2.6414847653945,1.5765987051899,0.0268560042525,0.0306549055465,0.0273238996617,0.0330295998121,0.0290218080187,0.0091612964786,0.0512583067541,0.0264855584848,0.0151906994118,0.0294358561941,0.0307155394122,0.15836249,0.58771097,0.49276039,-0.1804561,1.14860265,-0.6575773,,1.65374173,0.0499573,-0.040487,0.42184811,0.19772117,-1.5709586,-1.5135,-1.5634573,-1.4810967,-1.5372755,-2.0380431,-1.2902357,-1.5769909,-1.8184222,-1.5311233,-1.5126419,
Source_A0,10/31/2015,So,r,A0,09d,A,Source,,,October,5.64,0.3,0.08,7.73,0.24,0.11,5.29,0.22,0.8,240,300,,,,,10/31/2015,S,3,CHAIN_Source_10_31_15,SOURCE,N0,S,Source,CHAIN,10,31,15,10/31/2015,CHAIN_Source_10_31_15,38335.337876036,52.083630425316,55.25716040893,68,118.51360209377,2.4964037646958,0.8237680884576,1.8182713505573,1.5469392907227,0.1513989234334,0.2834030607495,0.113524528667,0.0737357077479,0.0637000717318,0.0342418863596,0.0348022390414,0.3057007338737,0.0189426780985,0.0556180383943,0.0174859505643,-0.5228787,0.88817949,-0.6197888,-0.9586073,0.72345567,-0.6575773,,2.0737682,0.39731483,-0.084195,0.2596587,0.18947327,-0.8198772,-0.5475955,-0.9449103,-1.1323221,-1.1958601,-1.4654423,-1.4583928,-0.5147035,-1.7225586,-1.2547843,-1.7573108,
Source_A0,10/31/2015,So,r,A0,09d,A,Source,,,October,5.64,0.3,0.08,7.73,0.24,0.11,5.29,0.22,0.8,240,300,,,,,10/31/2015,S,1,CHAIN_SOURCE_10.31.2015,SOURCE,N0,S,Source,CHAIN,10,31,15,10/31/2015,,,,,,,,,,,,,,,,,,,,,,-0.5228787,0.88817949,-0.6197888,-0.9586073,0.72345567,-0.6575773,,,,,,,,,,,,,,,,,,
T1_N0,10/31/2015,T1,N,N0,09d,N0,CHAIN,Input,,October,5.75,0.23,0.05,4.99,0.19,0.09,5.47,0.18,0.8260869565,190,230,,,,,10/31/2015,1,3,CHAIN_1_N0_10_31_15,1,N0,1,CHAIN,CHAIN,10,31,15,10/31/2015,CHAIN_1_N0_10_31_15,50536.716544541,41.916097031743,48.238563643344,53,55.451329470082,1.7883304229661,0.6928747271737,1.6760151266729,1.5237007375138,0.0572871632243,0.0869321804589,0.0486108044367,0.0409243874114,0.0370408109721,0.0212566065458,0.0356383398025,0.0933260431363,0.0130874235952,0.0323124317022,0.0172924691546,-0.6382722,0.69810055,-0.7212464,-1.0457575,0.73798733,-0.7447275,,1.74391196,0.25244776,-0.1593453,0.22427793,0.18289968,-1.2419427,-1.0608194,-1.3132672,-1.3880178,-1.4313195,-1.6725061,-1.4480825,-1.0299971,-1.8831458,-1.4906304,-1.762143,
T1_N1,10/31/2015,T1,N,N1,09d,N1,CHAIN,Input,,October,6.98,0.74,0.51,3.2,0.72,0.1,6.16,0.23,0.972972973,720,740,,,,,10/31/2015,1,3,CHAIN_1_N1_10_31_15,1,N1,1,CHAIN,CHAIN,10,31,15,10/31/2015,CHAIN_1_N1_10_31_15,50536.716544541,41.916097031743,48.238563643344,54,28.389948712819,0.8821290693414,1.0447791976018,3.0549541464926,1.6668559956093,0.0128443006025,0.0120119192372,0.013616963384,0.0165424319923,0.0104222407795,0.0046881236971,0.0334059106835,0.0084344600259,0.0093692985023,0.014981604467,0.0186825643784,-0.1307683,0.50514998,-0.1426675,-1,0.78958071,-0.6382722,,1.45316461,-0.0544679,0.01902452,0.4850047,0.22189808,-1.8912895,-1.9203876,-1.8659197,-1.7814006,-1.9820389,-2.3290009,-1.4761767,-2.0739427,-2.0282929,-1.8244417,-1.7285635,
T1_N3,10/31/2015,T1,N,N3,09d,N3,CHAIN,Input,,October,8.75,1.75,1.06,3.31,2.62,0.08,6.05,0.69,1.4971428571,2620,1750,,,,,10/31/2015,1,3,CHAIN_1_N3_10_31_15,1,N3,1,CHAIN,CHAIN,10,31,15,10/31/2015,CHAIN_1_N3_10_31_15,50536.716544541,41.916097031743,48.238563643344,56,35.508667409621,0.9609164376608,0.9462921663895,2.8369067599989,1.6070515222528,0.0164485549526,0.0169035506611,0.0175910724373,0.0201145373977,0.0184254785186,0.0055345372954,0.0345444537586,0.0145825951079,0.0105889881986,0.0179177024142,0.0210539286539,0.24303805,0.51982799,0.41830129,-1.09691,0.78175537,-0.1611509,,1.55033437,-0.0173144,-0.0239748,0.45284506,0.2060298,-1.7838722,-1.7720221,-1.7547077,-1.69649,-1.7345812,-2.2569187,-1.4616217,-1.8361652,-1.9751455,-1.7467177,-1.6766669,
T1_N4,10/31/2015,T1,N,N4,09d,N4,CHAIN,Input,,October,13.19,2.88,2.52,3.53,6.91,0.09,6.19,0.36,2.3993055556,6910,2880,,,,,10/31/2015,1,3,CHAIN_1_N4_10_31_15,1,N4,1,CHAIN,CHAIN,10,31,15,10/31/2015,CHAIN_1_N4_10_31_15,50536.716544541,41.916097031743,48.238563643344,57,28.162608546999,0.852210374071,1.007547277493,3.7181786481053,1.6886202939768,0.0127148316986,0.0114212734807,0.0134019413847,0.0132818723337,0.0093377926806,0.0019797916651,0.0342225287702,0.0080690895423,0.0094276434463,0.013708622116,0.0152690241686,0.45939249,0.54777471,0.83947805,-1.0457575,0.79169065,-0.4436975,,1.44967288,-0.0694532,0.00326543,0.57033025,0.227532,-1.8956894,-1.9422855,-1.8728323,-1.8767407,-2.0297558,-2.7033805,-1.4656879,-2.0931755,-2.0255969,-1.8630062,-1.8161887,
T2_N0,10/31/2015,T2,N,N0,09d,N0,CHAIN,Input,,October,5.68,0.22,0.04,5.23,0.05,0.05,5.58,0.18,0.2272727273,50,220,,,,,10/31/2015,2,3,CHAIN_2_N0_10_31_15,2,N0,2,CHAIN,CHAIN,10,31,15,10/31/2015,CHAIN_2_N0_10_31_15,50536.716544541,41.916097031743,48.238563643344,58,28.640326471344,0.8303141106053,1.0477057032819,2.7217319914793,1.6607268862315,0.0125758609258,0.0114750272615,0.0138201038799,0.0157226228412,0.013152700411,0.0071128055085,0.0321345744727,0.0081641824342,0.0090545476145,0.0140685661371,0.0195591871289,-0.6575773,0.71850169,-1.30103,-1.30103,0.7466342,-0.7447275,,1.45697796,-0.0807576,0.02023931,0.43484536,0.22029822,-1.9004623,-1.9402463,-1.8594887,-1.803475,-1.8809851,-2.1479591,-1.4930274,-2.0880873,-2.0431332,-1.8517502,-1.7086492,
T2_N1,10/31/2015,T2,N,N1,09d,N1,CHAIN,Input,,October,7.85,0.85,0.57,3.41,0.86,0.08,6.91,0.28,1.0117647059,860,850,,,,,10/31/2015,2,3,CHAIN_2_N1_10_31_15,2,N1,2,CHAIN,CHAIN,10,31,15,10/31/2015,CHAIN_2_N1_10_31_15,51338.601099297,47.485100200614,38.891662947794,59,43.701724659525,1.5233342826261,0.8667605371397,2.0993697153735,1.5902830658458,0.0255044592963,0.0361939900006,0.0237597160475,0.0262725377508,0.0274225753506,0.0146045480594,0.0343239667132,0.0352217252663,0.0111014324323,0.0210791361602,0.023692768466,-0.0705811,0.53275438,-0.0655015,-1.09691,0.83947805,-0.552842,,1.64049858,0.18279522,-0.0621009,0.32208893,0.20147443,-1.5933839,-1.4413635,-1.6241588,-1.580498,-1.5618918,-1.8355119,-1.4644025,-1.4531894,-1.954621,-1.6761472,-1.6253842,
T2_N2,10/31/2015,T2,N,N2,09d,N2,CHAIN,Input,,October,6.26,0.99,0.82,2.73,1.91,0.09,4.26,0.17,1.9292929293,1910,990,,,,,10/31/2015,2,3,CHAIN_2_N2_10_31_15,2,N2,2,CHAIN,CHAIN,10,31,15,10/31/2015,CHAIN_2_N2_10_31_15,51338.601099297,47.485100200614,38.891662947794,60,31.730439077696,0.8509074643682,1.0502345336977,2.7624018709552,1.6040351659131,0.0127330046528,0.0117989654859,0.0138663320984,0.0160767109142,0.0190599323546,0.0085828498521,0.0323444809757,0.0080986712852,0.0096375917307,0.0144506713983,0.0224952906894,-0.0043648,0.43616265,0.28103337,-1.0457575,0.6294096,-0.7695511,,1.50147608,-0.0701177,0.02128629,0.44128686,0.20521389,-1.8950691,-1.9281561,-1.8580384,-1.7938028,-1.7198786,-2.0663685,-1.4901998,-2.0915862,-2.0160315,-1.840112,-1.6479084,
T2_N3,10/31/2015,T2,N,N3,09d,N3,CHAIN,Input,,October,10.66,1.84,1.65,3.1,4.42,0.1,6.14,0.19,2.402173913,4420,1840,,,,,10/31/2015,2,3,CHAIN_2_N3_10_31_15,2,N3,2,CHAIN,CHAIN,10,31,15,10/31/2015,CHAIN_2_N3_10_31_15,51338.601099297,47.485100200614,38.891662947794,61,29.505234719523,0.8285186251005,1.0406509901523,2.9930052770546,1.6745931649389,0.0130308103676,0.0116358761587,0.0140441938252,0.0149951618172,0.0134808287124,0.0099012733383,0.0320552003908,0.0083714427318,0.0096744998259,0.0134988277324,0.0194691432191,0.26481782,0.49136169,0.64542227,-1,0.78816837,-0.7212464,,1.46989907,-0.0816977,0.0173051,0.47610748,0.22390931,-1.8850286,-1.9342009,-1.8525032,-1.8240488,-1.8702834,-2.004309,-1.4941015,-2.0771997,-2.0143715,-1.8697039,-1.7106532,
T2_N4,10/31/2015,T2,N,N4,09d,N4,CHAIN,Input,,October,13.94,2.58,2.45,3.69,6.49,0.18,7.27,0.13,2.515503876,6490,2580,,,,,10/31/2015,2,3,CHAIN_2_N4_10_31_15,2,N4,2,CHAIN,CHAIN,10,31,15,10/31/2015,CHAIN_2_N4_10_31_15,51338.601099297,47.485100200614,38.891662947794,62,32.595093164035,0.7768530327525,1.0792233273999,3.0604393946844,1.6078909575359,0.012468935609,0.010791468432,0.0138912612516,0.0179451998767,0.0150560741367,0.0122061884391,0.033652012994,0.0070371906651,0.0096674776451,0.015111720452,0.0208845621657,0.41161971,0.56702637,0.8122447,-0.7447275,0.86153441,-0.8860566,,1.51315223,-0.1096611,0.03311132,0.48578378,0.20625659,-1.9041706,-1.9669195,-1.8572583,-1.7460517,-1.8222883,-1.9134199,-1.472989,-2.1526007,-2.0146868,-1.8206861,-1.6801746,
T3_N0,10/31/2015,T3,N,N0,09d,N0,CHAIN,Input,,October,5.98,0.22,0.03,5.07,0.02,0.06,5.9,0.19,0.0909090909,20,220,,,,,10/31/2015,3,3,CHAIN_3_N0_10_31_15,3,N0,3,CHAIN,CHAIN,10,31,15,10/31/2015,CHAIN_3_N0_10_31_15,51338.601099297,47.485100200614,38.891662947794,63,39.196979145044,0.8682716668341,1.0789498285847,2.7339718868824,1.6992710733618,0.0123711370043,0.0113109245776,0.0130269419234,0.014157807224,0.0253645549471,0.0127851647036,0.0340765437592,0.0077576410202,0.0091258208024,0.0131100339564,0.0218162230139,-0.6575773,0.70500796,-1.69897,-1.2218487,0.77085201,-0.7212464,,1.5932526,-0.0613444,0.03300125,0.43679404,0.23026266,-1.9075904,-1.9465019,-1.8851575,-1.849004,-1.5957728,-1.8932937,-1.4675445,-2.1102703,-2.0397281,-1.8823962,-1.6612204,
T3_N1,10/31/2015,T3,N,N1,09d,N1,CHAIN,Input,,October,6.4,0.73,0.57,3.13,0.81,0.1,5.49,0.16,1.1095890411,810,730,,,,,10/31/2015,3,3,CHAIN_3_N1_10_31_15,3,N1,3,CHAIN,CHAIN,10,31,15,10/31/2015,CHAIN_3_N1_10_31_15,51338.601099297,47.485100200614,38.891662947794,64,36.110127813795,0.7430027711218,1.0801878167164,2.7120069952615,1.7596398799576,0.0113415287429,0.009313295885,0.0125346718034,0.0148065129832,0.0204853406341,0.0100599161433,0.0325057157617,0.0053916571759,0.0091727402059,0.0129876130226,0.0251214785074,-0.1366771,0.49554434,-0.091515,-1,0.73957234,-0.79588,,1.55762903,-0.1290096,0.03349927,0.43329081,0.2454238,-1.9453284,-2.0308966,-1.901887,-1.8295472,-1.6885568,-1.9974056,-1.4880403,-2.2682777,-2.0375009,-1.8864707,-1.5999548,
T3_N2,10/31/2015,T3,N,N2,09d,N2,CHAIN,Input,,October,8.84,1.23,1.18,3.27,2.75,0.12,5.97,0.05,2.2357723577,2750,1230,,,,,10/31/2015,3,3,CHAIN_3_N2_10_31_15,3,N2,3,CHAIN,CHAIN,10,31,15,10/31/2015,CHAIN_3_N2_10_31_15,38335.337876036,52.083630425316,55.25716040893,65,44.900554014936,1.1825132372537,0.9204692829096,2.7992354089376,1.6646366858089,0.0231210863372,0.0273781350137,0.0231524977068,0.0223544687944,0.026762857762,0.0082607616391,0.0428647350795,0.0241593989106,0.0129487341386,0.0205739818425,0.0280746743131,0.08990511,0.51454775,0.43933269,-0.9208188,0.77597433,-1.30103,,1.6522517,0.07280601,-0.0359907,0.44703942,0.22131946,-1.6359918,-1.5625961,-1.6354022,-1.6506356,-1.5724675,-2.0829799,-1.3678999,-1.6169139,-1.8877727,-1.6866816,-1.5516853,
T3_N3,10/31/2015,T3,N,N3,09d,N3,CHAIN,Input,,October,9.93,1.52,1.51,3.09,3.96,0.12,5.85,0.01,2.6052631579,3960,1520,,,,,10/31/2015,3,3,CHAIN_3_N3_10_31_15,3,N3,3,CHAIN,CHAIN,10,31,15,10/31/2015,CHAIN_3_N3_10_31_15,38335.337876036,52.083630425316,55.25716040893,66,49.213445001723,1.4376770656108,0.9320228483036,2.7214074691249,1.6523133947698,0.027815015573,0.0371924950114,0.0258698534608,0.0248022385546,0.0249707200761,0.0147040997713,0.0439860117849,0.0349881476382,0.0131973591259,0.0213047687006,0.0262890326037,0.18184359,0.48995848,0.59769519,-0.9208188,0.76715587,-2,,1.69208377,0.15766134,-0.0305734,0.43479357,0.21809242,-1.5557207,-1.4295447,-1.587206,-1.6055091,-1.6025689,-1.8325616,-1.3566854,-1.456079,-1.879513,-1.6715232,-1.5802254,
T3_N4,10/31/2015,T3,N,N4,09d,N4,CHAIN,Input,,October,11.53,1.94,1.83,3.21,4.18,0.17,7.18,0.11,2.1546391753,4180,1940,,,,,10/31/2015,3,3,CHAIN_3_N4_10_31_15,3,N4,3,CHAIN,CHAIN,10,31,15,10/31/2015,CHAIN_3_N4_10_31_15,38335.337876036,52.083630425316,55.25716040893,67,58.513103356992,1.2467072269467,0.9695565513997,2.7599648332084,1.6649003929262,0.0246904388316,0.0301172876024,0.0241574661248,0.0286381609451,0.0266517447189,0.0142381064258,0.0450771254533,0.0268811625707,0.0132723694232,0.0227975262666,0.03622516711,0.28780173,0.50650503,0.62117628,-0.7695511,0.85612444,-0.9586073,,1.76725313,0.09576448,-0.0134269,0.44090355,0.22138826,-1.6074712,-1.5211841,-1.6169486,-1.5430549,-1.5742744,-1.8465478,-1.3460438,-1.570552,-1.8770515,-1.6421123,-1.4409896,
Source_A0,11/05/2015,So,r,A0,14d,A,Source,,,November,5.76,0.59,0.09,7.76,0.14,0.2,5.42,0.5,0.2372881356,140,590,82.26,8.96,,69.12,11/07/2015,S,3,CHAIN_SOURCE_11_7_15,SOURCE,N0,S,Source,CHAIN,11,7,15,11/07/2015,CHAIN_SOURCE_11_7_15,37611.13329399,57.500844973934,61.014993972168,121,38.99497295087,1.221860831247,0.958174302794,2.9328120583353,1.6432304538094,0.019732855646,0.0242368050018,0.0198359783553,0.0186710076342,0.0175651801857,0.0076442971001,0.0364498425546,0.0215823747351,0.0111963293893,0.0172191475907,0.0200397018838,-0.229148,0.88986172,-0.853872,-0.69897,0.73399929,-0.30103,1.83960373,1.59100862,0.08702174,-0.0185555,0.46728423,0.21569848,-1.7048101,-1.6155246,-1.7025464,-1.7288322,-1.7553474,-2.1166624,-1.4383043,-1.6659008,-1.9509243,-1.7639884,-1.6981087,12.752767528
T3_N0,11/05/2015,T3,N,N0,14d,N0,CHAIN,Input,,November,5.71,0.51,0.08,5.92,0.06,0.17,5.48,0.43,0.1176470588,60,510,81.9,9.23,,66.64,11/07/2015,3,3,CHAIN_3_N0_11_7_15,3,N0,3,CHAIN,CHAIN,11,7,15,11/07/2015,CHAIN_3_N0_11_7_15,36878.325469821,57.452249077917,58.643442110772,116,38.521925370432,1.2639374338117,0.9903716252026,2.7544776979134,1.5388339976292,0.0203910033244,0.0257979933066,0.0204108151373,0.0201860233252,0.0176864232524,0.0129581595486,0.0378271606041,0.0227945155886,0.0112619071298,0.0176900980561,0.0188388037083,-0.2924298,0.77232171,-1.2218487,-0.7695511,0.73878056,-0.3665315,1.82373499,1.58570799,0.10172558,-0.0042018,0.44003926,0.18719177,-1.6905614,-1.5884141,-1.6901397,-1.6949492,-1.75236,-1.8874567,-1.4221963,-1.6421696,-1.9483881,-1.7522698,-1.7249467,12.160583942
T2_N3,11/05/2015,T2,N,N3,14d,N3,CHAIN,Input,,November,10.63,2.03,1.61,4.77,4.52,0.16,5.95,0.42,2.2266009852,4520,2030,99.42,12.6,,68.38,11/07/2015,2,3,CHAIN_2_N3_11_7_15,2,N3,2,CHAIN,CHAIN,11,7,15,11/07/2015,CHAIN_2_N3_11_7_15,36878.325469821,57.452249077917,58.643442110772,114,43.846425010469,1.1722630538354,0.9458014597098,2.1712115279603,1.5742271897888,0.022132903101,0.0262540889323,0.0223960730029,0.0312433665741,0.0300244235266,0.0158044627434,0.0408600786471,0.0234474679502,0.012015983613,0.0243539356864,0.0287814878766,0.30749604,0.67851838,0.65513843,-0.79588,0.77451697,-0.3767507,1.8349291,1.64193419,0.06902508,-0.0242,0.33670214,0.19706741,-1.6549616,-1.580803,-1.6498281,-1.5052422,-1.5225253,-1.8012203,-1.3887008,-1.629904,-1.9202407,-1.6134308,-1.5408868,11.492436975
T2_N0,11/05/2015,T2,N,N0,14d,N0,CHAIN,Input,,November,5.77,0.45,0.08,6.09,0.19,0.12,5.46,0.37,0.4222222222,190,450,95,9,,68.62,11/07/2015,2,3,CHAIN_2_N0_11_7_15,2,N0,2,CHAIN,CHAIN,11,7,15,11/07/2015,CHAIN_2_N0_11_7_15,36493.24806446,55.084947406368,58.058486236308,111,47.089097474915,1.2097555528679,0.9734538917964,2.3315141486256,1.604185132306,0.0220304608226,0.0268139097899,0.0221647337979,0.02436895227,0.0308650647321,0.01242311435,0.0404559782792,0.0232233259635,0.0119974277962,0.0205650818102,0.0332985151255,-0.3467875,0.78461729,-0.7212464,-0.9208188,0.73719264,-0.4317983,1.83645071,1.67292037,0.08269762,-0.0116846,0.36763806,0.20525449,-1.6569764,-1.5716399,-1.6543375,-1.6131631,-1.5105328,-1.9057695,-1.3930173,-1.6340756,-1.9209119,-1.6868696,-1.4775751,12.567765568
T2_N4,11/05/2015,T2,N,N4,14d,N4,CHAIN,Input,,November,14.8,3.21,2.66,5.17,8.14,0.2,6.46,0.55,2.5358255452,8140,3210,86.68,12.76,,68.7,11/07/2015,2,3,CHAIN_2_N4_11_7_15,2,N4,2,CHAIN,CHAIN,11,7,15,11/07/2015,CHAIN_2_N4_11_7_15,36878.325469821,57.452249077917,58.643442110772,115,42.377154351202,1.2696274212825,1.0299605882166,2.2752312700279,1.630441063145,0.0216906799051,0.0279378881668,0.0220047926648,0.0275717699405,0.020461212029,0.0149756474644,0.039173732644,0.0237939053471,0.0117631381759,0.0204837310998,0.0333179579082,0.50650503,0.71349054,0.9106244,-0.69897,0.81023252,-0.2596373,1.83695674,1.62713179,0.10367629,0.01282061,0.35702555,0.2123051,-1.6637268,-1.5538064,-1.6574827,-1.5595354,-1.6890686,-1.8246144,-1.407005,-1.6235343,-1.9294768,-1.6885909,-1.4773216,10.634674923
T3_N1,11/05/2015,T3,N,N1,14d,N1,CHAIN,Input,,November,6.71,0.8,0.48,4.8,0.7,0.2,5.81,0.32,0.875,700,800,81.81,9.38,,68.72,11/07/2015,3,3,CHAIN_3_N1_11_7_15,3,N1,3,CHAIN,CHAIN,11,7,15,11/07/2015,CHAIN_3_N1_11_7_15,36878.325469821,57.452249077917,58.643442110772,117,41.163200043091,1.1961370757356,0.9902686075942,2.4682954647499,1.6045585312919,0.021564094458,0.0257132425018,0.0214969028411,0.021225286498,0.0259962102997,0.0131854298029,0.0394537645223,0.0230182726271,0.0118400524064,0.0185965905016,0.0236181295092,-0.09691,0.68124124,-0.154902,-0.69897,0.76417613,-0.49485,1.83708315,1.61450913,0.07778095,-0.004247,0.39239715,0.20535556,-1.6662688,-1.5898432,-1.6676241,-1.6731464,-1.58509,-1.8799057,-1.4039116,-1.6379273,-1.9266464,-1.7305667,-1.6267545,11.82788296
T1_N1,11/05/2015,T1,N,N1,14d,N1,CHAIN,Input,,November,5.72,0.83,0.42,3.9,0.82,0.2,4.7,0.41,0.9879518072,820,830,82.34,9.6,,68.88,11/07/2015,1,3,CHAIN_1_N1_11_7_15,1,N1,1,CHAIN,CHAIN,11,7,15,11/07/2015,CHAIN_1_N1_11_7_15,36493.24806446,55.084947406368,58.058486236308,107,53.952044948666,1.1689970070903,0.9464755511206,2.4217683271792,1.595339496765,0.0221732962669,0.0258440095736,0.0221078492219,0.0233441386787,0.0321839211878,0.0126532856834,0.0411443585465,0.0227839287186,0.0121258662315,0.0199860244312,0.0288463687277,-0.0809219,0.59106461,-0.0861861,-0.69897,0.67209786,-0.3872161,1.83809314,1.73200791,0.0678134,-0.0238906,0.3841326,0.20285312,-1.6541697,-1.5876401,-1.6554535,-1.6318221,-1.492361,-1.8977967,-1.3856897,-1.6423714,-1.9162872,-1.6992736,-1.5399088,14.655319149
T3_N3,11/05/2015,T3,N,N3,14d,N3,CHAIN,Input,,November,8.72,1.6,1.13,5.21,2.72,0.32,5.68,0.47,1.7,2720,1600,81.48,10.69,,69.67,11/07/2015,3,3,CHAIN_3_N3_11_7_15,3,N3,3,CHAIN,CHAIN,11,7,15,11/07/2015,CHAIN_3_N3_11_7_15,37611.13329399,57.500844973934,61.014993972168,119,38.76828351551,1.1551609881901,1.0140841199166,2.7104036428329,1.5963188258679,0.020346733001,0.0244930685922,0.0212031646174,0.0220212999698,0.0158488196514,0.0109116033536,0.0386848994343,0.0221621938722,0.0116027221248,0.0194353664667,0.0213325047077,0.20411998,0.71683772,0.4345689,-0.49485,0.75434834,-0.3279021,1.84304581,1.58847657,0.06264251,0.00607398,0.43303397,0.20311964,-1.6915053,-1.6109568,-1.6735993,-1.657157,-1.8000031,-1.9621114,-1.4124585,-1.6543873,-1.9354401,-1.7114073,-1.6709581,12.26584507
T2_N2,11/05/2015,T2,N,N2,14d,N2,CHAIN,Input,,November,7.08,1.14,0.86,4.35,1.79,0.13,5.16,0.28,1.5701754386,1790,1140,81.22,9.23,,69.72,11/07/2015,2,3,CHAIN_2_N2_11_7_15,2,N2,2,CHAIN,CHAIN,11,7,15,11/07/2015,CHAIN_2_N2_11_7_15,36878.325469821,57.452249077917,58.643442110772,113,40.477268141364,1.1877076866729,0.958602139267,2.5970718389257,1.6571483066213,0.0213883957863,0.0259204341818,0.0218239171748,0.0229903670555,0.0191226133117,0.013522924525,0.039380512535,0.0226462836196,0.0119289679862,0.0194368166047,0.0233123290841,0.05690485,0.63848926,0.25285303,-0.8860566,0.7126497,-0.552842,1.84335738,1.60721119,0.07470957,-0.0183616,0.41448396,0.21936138,-1.6698218,-1.5863577,-1.6610673,-1.6384541,-1.7184528,-1.8689294,-1.4047186,-1.6450031,-1.9233971,-1.7113749,-1.6324143,13.511627907
T1_N0,11/05/2015,T1,N,N0,14d,N0,CHAIN,Input,,November,6.44,0.48,0.08,6.87,0.02,0.15,6.27,0.4,0.0416666667,20,480,79.77,8.59,,70.54,11/07/2015,1,3,CHAIN_1_N0_11_7_15,1,N0,1,CHAIN,CHAIN,11,7,15,11/07/2015,CHAIN_1_N0_11_7_15,36493.24806446,55.084947406368,58.058486236308,106,44.058417465902,1.1916291738886,0.9360242077564,2.2527436633905,1.5933941266377,0.0213913658526,0.0255929765026,0.0214772993674,0.025072094277,0.0233759447848,0.0164822555375,0.0392509206063,0.0225941345793,0.0117107008869,0.0206944148384,0.0292056664882,-0.3187588,0.83695674,-1.69897,-0.8239087,0.79726754,-0.39794,1.84843546,1.64402889,0.07614113,-0.0287129,0.35271178,0.20232321,-1.6697615,-1.5918792,-1.6680203,-1.6008094,-1.6312308,-1.7829834,-1.4061502,-1.6460043,-1.9314171,-1.6841468,-1.5345329,11.250398724
T2_N1,11/05/2015,T2,N,N1,14d,N1,CHAIN,Input,,November,7.01,0.79,0.52,4.75,0.77,0.18,6.06,0.27,0.9746835443,770,790,95.25,9.43,,70.83,11/07/2015,2,3,CHAIN_2_N1_11_7_15,2,N1,2,CHAIN,CHAIN,11,7,15,11/07/2015,CHAIN_2_N1_11_7_15,36878.325469821,57.452249077917,58.643442110772,112,39.260483075578,1.1629875626783,0.9764794468537,2.4178671063624,1.6018010252372,0.0208521549657,0.0247676690899,0.0212965898215,0.0246044698765,0.02329906349,0.0149084887642,0.0385305524856,0.0221696926084,0.0115029130221,0.0205505319676,0.0236280977939,-0.1023729,0.67669361,-0.1135093,-0.7447275,0.78247262,-0.5686362,1.85021724,1.59395564,0.06557507,-0.0103369,0.38343243,0.20460857,-1.6808491,-1.6061149,-1.6716899,-1.608986,-1.6326615,-1.8265664,-1.4141948,-1.6542403,-1.9391922,-1.6871769,-1.6265712,11.688118812
T1_N4,11/05/2015,T1,N,N4,14d,N4,CHAIN,Input,,November,14.54,3.25,2.63,5.1,7.9,0.2,6.44,0.62,2.4307692308,7900,3250,85.26,14.69,,71.44,11/07/2015,1,3,CHAIN_1_N4_11_7_15,1,N4,1,CHAIN,CHAIN,11,7,15,11/07/2015,CHAIN_1_N4_11_7_15,36493.24806446,55.084947406368,58.058486236308,110,43.956293372012,1.2257347035967,0.9635225021745,1.9575452929056,1.5563792409021,0.0226384032351,0.0272215189284,0.0222083284813,0.0324696485011,0.0268459743731,0.0157662491325,0.0396176193736,0.0235312256684,0.0121318155563,0.0244701440441,0.0363451511837,0.51188336,0.70757018,0.89762709,-0.69897,0.80888587,-0.2076083,1.85394145,1.64302106,0.08839648,-0.0161381,0.29171182,0.19211543,-1.6451542,-1.5650876,-1.6534841,-1.4885224,-1.5711208,-1.8022716,-1.4021116,-1.6283555,-1.9160742,-1.6113635,-1.4395535,11.093167702
T3_N2,11/05/2015,T3,N,N2,14d,N2,CHAIN,Input,,November,7.87,1.35,0.94,4.2,2.21,0.18,5.48,0.41,1.637037037,2210,1350,81.4,9.39,,71.56,11/07/2015,3,3,CHAIN_3_N2_11_7_15,3,N2,3,CHAIN,CHAIN,11,7,15,11/07/2015,CHAIN_3_N2_11_7_15,36878.325469821,57.452249077917,58.643442110772,118,45.607063358963,1.2178403566036,0.954513939017,2.2490527353582,1.5887877690234,0.0219289365042,0.0268480527396,0.022045625762,0.0315376266062,0.0272630060954,0.0195419026783,0.040796062848,0.0230839717734,0.0120443011214,0.0234294678,0.0320416522832,0.13033377,0.62324929,0.34439227,-0.7447275,0.73878056,-0.3872161,1.85467033,1.65903211,0.08559036,-0.0202177,0.35199964,0.20106589,-1.6589824,-1.5710872,-1.6566776,-1.501171,-1.5644263,-1.7090332,-1.3893817,-1.6366895,-1.9192184,-1.6302376,-1.4942851,13.058394161
T1_N3,11/05/2015,T1,N,N3,14d,N3,CHAIN,Input,,November,14.01,1.71,1.31,4.67,4.33,0.32,9.36,0.4,2.5321637427,4330,1710,82.95,12.38,,72.39,11/07/2015,1,3,CHAIN_1_N3_11_7_15,1,N3,1,CHAIN,CHAIN,11,7,15,11/07/2015,CHAIN_1_N3_11_7_15,36493.24806446,55.084947406368,58.058486236308,109,47.843418467265,1.2071971835195,1.016355538375,1.730603333879,1.6182856115403,0.0227736754188,0.0279850881416,0.0231818699742,0.0466127290758,0.0355766885303,0.0221571500621,0.0410935585024,0.0232182643477,0.0117772029153,0.0307710858527,0.0477791125458,0.23299611,0.66931688,0.6364879,-0.49485,0.97127585,-0.39794,1.85967858,1.6798222,0.08177821,0.00704566,0.23819754,0.20905517,-1.6425669,-1.5530733,-1.6348515,-1.3314955,-1.4488345,-1.6544861,-1.3862262,-1.6341702,-1.9289578,-1.5118572,-1.3207619,7.733974359
T1_N2,11/05/2015,T1,N,N2,14d,N2,CHAIN,Input,,November,8.61,1.33,0.96,4.85,2.28,0.12,6.21,0.37,1.7142857143,2280,1330,85.43,10.04,,72.65,11/07/2015,1,3,CHAIN_1_N2_11_7_15,1,N2,1,CHAIN,CHAIN,11,7,15,11/07/2015,CHAIN_1_N2_11_7_15,36493.24806446,55.084947406368,58.058486236308,108,42.876536077566,1.1937749623065,0.9369122358005,2.2235271407747,1.6255680089277,0.0225613086243,0.0263446728757,0.0220683744488,0.0300449554076,0.0227322910585,0.0142412392695,0.0396744578256,0.0228574373457,0.0120484649789,0.0223264426649,0.0351552677262,0.12385164,0.68574174,0.35793485,-0.9208188,0.7930916,-0.4317983,1.86123562,1.63221969,0.07692247,-0.0283011,0.34704243,0.21100514,-1.6466357,-1.5793072,-1.6562297,-1.5222284,-1.6433568,-1.8464522,-1.401489,-1.6409725,-1.9190683,-1.6511805,-1.4540096,11.698872786
T3_N4,11/05/2015,T3,N,N4,14d,N4,CHAIN,Input,,November,11.11,2.28,1.74,5.28,5.9,0.2,5.01,0.54,2.5877192982,5900,2280,86.59,13.52,,73.6,11/07/2015,3,3,CHAIN_3_N4_11_7_15,3,N4,3,CHAIN,CHAIN,11,7,15,11/07/2015,CHAIN_3_N4_11_7_15,37611.13329399,57.500844973934,61.014993972168,120,45.43829742987,1.1942107474643,0.9917985681977,2.2677645554631,1.6589579097146,0.0218233452685,0.0265045772455,0.0221942209964,0.0316336646977,0.0250535635891,0.0092201358156,0.0387600978221,0.022879321034,0.0119545381938,0.0237264927335,0.0348132873848,0.35793485,0.72263392,0.77085201,-0.69897,0.69983773,-0.2676062,1.86687781,1.65742205,0.07708098,-0.0035765,0.35559796,0.21983537,-1.6610787,-1.5766791,-1.6537601,-1.4998505,-1.6011305,-2.0352627,-1.4116151,-1.6405569,-1.9224672,-1.6247665,-1.458255,14.690618762
Source_A0,11/12/2015,So,r,A0,21d,A,Source,,,November,7.84,0.57,0.13,5.48,0.46,0.2,7.18,0.44,0.8070175439,460,570,,,,,11/12/2015,S,3,CHAIN_Source_11_12_15,SOURCE,N0,S,Source,CHAIN,11,12,15,11/12/2015,CHAIN_Source_11_12_15,38189.437809594,52.963666514773,56.942386017028,136,43.60944461539,1.2559519471983,0.9609239630863,3.0726522270549,1.6539449606009,0.0208604631465,0.0263508860638,0.0209808075242,0.0174130493511,0.0226940717281,0.0034068614429,0.036744909391,0.0245242999618,0.011721397894,0.0171308034806,0.0214209978242,-0.2441251,0.73878056,-0.3372422,-0.69897,0.85612444,-0.3565473,,1.63958056,0.09897302,-0.017311,0.48751341,0.21852105,-1.6806761,-1.5792048,-1.6781778,-1.7591252,-1.6440876,-2.4676455,-1.4348028,-1.6104034,-1.9310206,-1.7662223,-1.6691603,
T1_N0,11/12/2015,T1,N,N0,21d,N0,CHAIN,Input,,November,7.14,0.72,0.07,1.94,0.15,0.2,6.79,0.65,0.2083333333,150,720,,,,,11/12/2015,1,3,CHAIN_1_N0_11_12_15,1,N0,1,CHAIN,CHAIN,11,12,15,11/12/2015,CHAIN_1_N0_11_12_15,41833.235749271,51.982536626158,55.496458537069,122,32.002262543647,1.0809836171761,0.9596559375707,2.7612209657991,1.5907312809417,0.0160121663535,0.0175442989194,0.0162299396963,0.0178491762934,0.0078782786007,0.0059516166243,0.0319635440409,0.0151497033223,0.0099979944231,0.016023901717,0.0171537336162,-0.1426675,0.28780173,-0.8239087,-0.69897,0.83186977,-0.1870866,,1.50518068,0.03381911,-0.0178844,0.44110116,0.20159682,-1.7955499,-1.755864,-1.7896831,-1.7483818,-2.1035687,-2.2253651,-1.4953451,-1.8195959,-2.0000871,-1.7952317,-1.7656413,
T1_N1,11/12/2015,T1,N,N1,21d,N1,CHAIN,Input,,November,9.94,0.76,0.65,1.32,1.82,0.18,7.94,0.11,2.3947368421,1820,760,,,,,11/12/2015,1,3,CHAIN_1_N1_11_12_15,1,N1,1,CHAIN,CHAIN,11,12,15,11/12/2015,CHAIN_1_N1_11_12_15,38189.437809594,52.963666514773,56.942386017028,138,49.23139821753,1.1653788909108,0.996036218624,1.3784979035297,1.6814378651659,0.0215715267773,0.0255304623368,0.021907435029,0.0589227820769,0.0310279533265,0.0219684846891,0.0363878241829,0.0209641047324,0.0114718875693,0.0352623713572,0.0481321618993,-0.1191864,0.12057393,0.26007139,-0.7447275,0.8998205,-0.9586073,,1.69224217,0.06646715,-0.0017249,0.13940611,0.22568082,-1.6661191,-1.5929413,-1.6594085,-1.2297168,-1.5082469,-1.6581999,-1.4390439,-1.6785237,-1.9403651,-1.4526885,-1.3175646,
T1_N1,11/12/2015,T1,N,N1,21d,N1,CHAIN,Input,,November,9.94,0.76,0.65,1.32,1.82,0.18,7.94,0.11,2.3947368421,1820,760,,,,,11/12/2015,1,1,CHAIN_1_N1_11_12_15_RERUN,1,N1,1,CHAIN,CHAIN,11,12,15,11/12/2015,,,,,,,,,,,,,,,,,,,,,,-0.1191864,0.12057393,0.26007139,-0.7447275,0.8998205,-0.9586073,,,,,,,,,,,,,,,,,,
T1_N2,11/12/2015,T1,N,N2,21d,N2,CHAIN,Input,,November,10.38,1.79,1.5,1.29,2.94,0.13,7.31,0.29,1.6424581006,2940,1790,,,,,11/12/2015,1,3,CHAIN_1_N2_11_12_15,1,N2,1,CHAIN,CHAIN,11,12,15,11/12/2015,CHAIN_1_N2_11_12_15,41833.235749271,51.982536626158,55.496458537069,123,35.623782274497,1.133466875536,0.9225267702686,3.0058729325876,1.5618992338643,0.0183927980506,0.0212901980324,0.0187832555957,0.0172073587548,0.0086965628195,0.0047989321535,0.0349631462581,0.0194799268925,0.0107774227662,0.0157646364755,0.0189035112126,0.25285303,0.11058971,0.46834733,-0.8860566,0.86391738,-0.537602,,1.55174003,0.05440883,-0.035021,0.47797062,0.19365301,-1.7353522,-1.6718203,-1.7262291,-1.7642858,-2.0606524,-2.3188554,-1.4563895,-1.7104127,-1.9674851,-1.802316,-1.7234575,
T1_N3,11/12/2015,T1,N,N3,21d,N3,CHAIN,Input,,November,14.06,2.7,2.28,1.79,6.18,0.13,7.75,0.42,2.2888888889,6180,2700,,,,,11/12/2015,1,3,CHAIN_1_N3_11_12_15,1,N3,1,CHAIN,CHAIN,11,12,15,11/12/2015,CHAIN_1_N3_11_12_15,41833.235749271,51.982536626158,55.496458537069,124,31.425381963396,1.0360507999048,0.9550151055382,2.8900760133127,1.6814499340949,0.0171050127333,0.0186379607779,0.0179894275258,0.0172743292043,0.0101482415296,0.0060868006901,0.0339269017021,0.0163105811379,0.0108477879635,0.015694144662,0.0206118436316,0.43136376,0.25285303,0.79098848,-0.8860566,0.8893017,-0.3767507,,1.49728057,0.01538105,-0.0199898,0.46090927,0.22568394,-1.7668766,-1.7296016,-1.7449827,-1.7625988,-1.9936092,-2.2156109,-1.4694558,-1.7875306,-1.9646588,-1.8042623,-1.6858832,
T1_N4,11/12/2015,T1,N,N4,21d,N4,CHAIN,Input,,November,15.02,3.29,2.79,1.65,7.27,0.13,7.62,0.5,2.2097264438,7270,3290,,,,,11/12/2015,1,3,CHAIN_1_N4_11_12_15,1,N4,1,CHAIN,CHAIN,11,12,15,11/12/2015,CHAIN_1_N4_11_12_15,41833.235749271,51.982536626158,55.496458537069,125,37.996027124551,1.4584625248277,0.8540362746284,2.4224076027641,1.5246450285227,0.0271983813592,0.0369076335862,0.0253058497959,0.0222956192869,0.0146038917905,0.0109445346452,0.0339650653458,0.0367408643851,0.0119639770091,0.0198064906604,0.0193199422825,0.5171959,0.21748394,0.86153441,-0.8860566,0.88195497,-0.30103,,1.57973819,0.16389527,-0.0685237,0.38424722,0.18316874,-1.5654569,-1.4328838,-1.5967791,-1.6517805,-1.8355314,-1.9608027,-1.4689675,-1.4348506,-1.9221244,-1.7031925,-1.7139942,
T2_N0,11/12/2015,T2,N,N0,21d,N0,CHAIN,Input,,November,7.59,0.44,0.08,1.78,0.1,0.12,7.37,0.36,0.2272727273,100,440,,,,,11/12/2015,2,3,CHAIN_2_N0_11_12_15,2,N0,2,CHAIN,CHAIN,11,12,15,11/12/2015,CHAIN_2_N0_11_12_15,41833.235749271,51.982536626158,55.496458537069,126,29.95441217541,1.0643470621412,0.9742652850861,3.1535897226054,1.5734009645988,0.0165336566925,0.0183109600892,0.0172039372687,0.0160577768726,0.0089603020075,0.0054810535111,0.032955473927,0.0160829396873,0.0101868132983,0.0149440967942,0.0184714885773,-0.3565473,0.25042,-1,-0.9208188,0.86746749,-0.4436975,,1.4764608,0.02708327,-0.0113228,0.49880519,0.19683941,-1.7816311,-1.7372889,-1.7643721,-1.7943146,-2.0476774,-2.261136,-1.4820724,-1.7936346,-1.9919617,-1.8255303,-1.7334981,
T2_N1,11/12/2015,T2,N,N1,21d,N1,CHAIN,Input,,November,8.15,0.92,0.64,1.57,1.05,0.21,6.89,0.28,1.1413043478,1050,920,,,,,11/12/2015,2,3,CHAIN_2_N1_11_12_15,2,N1,2,CHAIN,CHAIN,11,12,15,11/12/2015,CHAIN_2_N1_11_12_15,41395.058748025,56.083902365319,48.862176059371,127,38.080230862556,1.0712574557652,0.953230146699,2.7730187338942,1.621817494239,0.0174112261608,0.0194066937428,0.0181158073985,0.0192270026024,0.0219733082908,0.0063841331869,0.0364593379362,0.0161833686427,0.0110552177502,0.0166857080877,0.0267604365063,-0.0362122,0.19589965,0.0211893,-0.6777807,0.83821922,-0.552842,,1.58069957,0.02989386,-0.0208022,0.4429528,0.21000198,-1.7591706,-1.7120484,-1.7419423,-1.7160884,-1.6581046,-2.1948981,-1.4381912,-1.7909311,-1.9564327,-1.7776554,-1.5725068,
T2_N2,11/12/2015,T2,N,N2,21d,N2,CHAIN,Input,,November,11.52,1.53,1.24,1.56,3.14,0.12,8.26,0.29,2.0522875817,3140,1530,,,,,11/12/2015,2,3,CHAIN_2_N2_11_12_15,2,N2,2,CHAIN,CHAIN,11,12,15,11/12/2015,CHAIN_2_N2_11_12_15,41395.058748025,56.083902365319,48.862176059371,128,34.653904551445,1.1257681831631,0.917015347706,3.0520253264959,1.626180172448,0.0181072591308,0.0208612846702,0.0185307108357,0.0188564887774,0.0165871750911,0.0022796553371,0.0351589923105,0.0188404727836,0.0109743799924,0.0175031497021,0.0211963930013,0.18469143,0.1931246,0.49692965,-0.9208188,0.91698005,-0.537602,,1.53975217,0.05144897,-0.0376234,0.48458813,0.21116866,-1.7421473,-1.680659,-1.7321079,-1.7245392,-1.7802276,-2.6421308,-1.4539636,-1.7249082,-1.95962,-1.7568838,-1.673738,
T2_N3,11/12/2015,T2,N,N3,21d,N3,CHAIN,Input,,November,10.78,1.6,1.44,1.55,3.45,0.12,7.21,0.16,2.15625,3450,1600,,,,,11/12/2015,2,3,CHAIN_2_N3_11_12_15,2,N3,2,CHAIN,CHAIN,11,12,15,11/12/2015,CHAIN_2_N3_11_12_15,41395.058748025,56.083902365319,48.862176059371,129,37.681597388732,1.0535859581765,0.9391838958691,2.8245909185727,1.6100656724881,0.0184049922524,0.0200984920451,0.0190762717452,0.0195797914983,0.0163735584228,0.0098896582141,0.0362903371952,0.0180482448208,0.0112102027119,0.0167232957932,0.023284606925,0.20411998,0.1903317,0.5378191,-0.9208188,0.85793526,-0.79588,,1.57612931,0.02266997,-0.0272494,0.45095556,0.20684359,-1.7350644,-1.6968365,-1.7195065,-1.7081919,-1.7858569,-2.0048187,-1.440209,-1.743565,-1.9503865,-1.7766781,-1.6329311,
T2_N4,11/12/2015,T2,N,N4,21d,N4,CHAIN,Input,,November,15.56,3.31,2.86,1.32,7.85,0.12,7.59,0.45,2.3716012085,7850,3310,,,,,11/12/2015,2,3,CHAIN_2_N4_11_12_15,2,N4,2,CHAIN,CHAIN,11,12,15,11/12/2015,CHAIN_2_N4_11_12_15,41395.058748025,56.083902365319,48.862176059371,130,36.779701771452,1.2022965576716,0.9703314732353,2.9541455958995,1.6759304164087,0.0190095232458,0.0240205879868,0.0199789210354,0.0215282032627,0.0166688316035,0.0090679025685,0.0388540424993,0.0210324229382,0.0111056125697,0.0185197382297,0.0231531642089,0.51982799,0.12057393,0.89486966,-0.9208188,0.88024178,-0.3467875,,1.5656082,0.0800116,-0.0130799,0.4704319,0.22425598,-1.7210288,-1.6194164,-1.699428,-1.6669922,-1.7780948,-2.0424932,-1.4105638,-1.6771107,-1.9544575,-1.7323652,-1.6353896,
T3_N0,11/12/2015,T3,N,N0,21d,N0,CHAIN,Input,,November,6.8,0.32,0.08,2.12,0.05,0.08,6.67,0.24,0.15625,50,320,,,,,11/12/2015,3,3,CHAIN_3_N0_11_12_15,3,N0,3,CHAIN,CHAIN,11,12,15,11/12/2015,CHAIN_3_N0_11_12_15,41395.058748025,56.083902365319,48.862176059371,131,34.769011167039,1.1025626914619,0.9354797984169,3.3233960657316,1.6202611432622,0.0177844188357,0.020522928685,0.0186138428626,0.0165260903324,0.0197495866198,0.0051874592714,0.0355136093476,0.0180918832007,0.010897878513,0.0157839487449,0.0221611115185,-0.49485,0.32633586,-1.30103,-1.09691,0.82412583,-0.6197888,,1.54119234,0.04240329,-0.0289656,0.5215821,0.20958502,-1.7499603,-1.6877607,-1.730164,-1.7818299,-1.704442,-2.2850453,-1.4496052,-1.7425162,-1.962658,-1.8017843,-1.6544085,
T3_N1,11/12/2015,T3,N,N1,21d,N1,CHAIN,Input,,November,7.85,0.83,0.6,1.29,0.96,0.15,6.74,0.23,1.156626506,960,830,,,,,11/12/2015,3,3,CHAIN_3_N1_11_12_15,3,N1,3,CHAIN,CHAIN,11,12,15,11/12/2015,CHAIN_3_N1_11_12_15,41395.058748025,56.083902365319,48.862176059371,132,37.791200196889,1.282077354693,0.9183634388197,2.9402408904804,1.6113131435714,0.020262243738,0.0252753859398,0.019714400108,0.0177630181296,0.0147173119037,0.0039819810075,0.0362050338692,0.0230492203946,0.0112306278099,0.0172258703873,0.0223732736818,-0.0809219,0.11058971,-0.0177288,-0.8239087,0.8286599,-0.6382722,,1.57739068,0.10791423,-0.0369854,0.46838291,0.20717995,-1.6933125,-1.5973022,-1.7052164,-1.7504832,-1.8321715,-2.3999008,-1.441231,-1.6373438,-1.949596,-1.7638188,-1.6502705,
T3_N2,11/12/2015,T3,N,N2,21d,N2,CHAIN,Input,,November,10.04,1.52,1.3,1.46,3,0.11,6.93,0.22,1.9736842105,3000,1520,,,,,11/12/2015,3,3,CHAIN_3_N2_11_12_15,3,N2,3,CHAIN,CHAIN,11,12,15,11/12/2015,CHAIN_3_N2_11_12_15,38189.437809594,52.963666514773,56.942386017028,133,39.191004491457,1.129033384415,0.9177695561073,3.123609331957,1.6119615675224,0.0213092380345,0.0243367626517,0.0215553968444,0.0180147236418,0.0208670704445,0.0015963699587,0.0380476892176,0.0228000507917,0.0121449591871,0.0184536922561,0.021499989237,0.18184359,0.16435286,0.47712125,-0.9586073,0.84073323,-0.6575773,,1.59318639,0.05270678,-0.0372664,0.49465671,0.20735468,-1.6714321,-1.6137372,-1.666444,-1.7443724,-1.6805385,-2.7968665,-1.4196717,-1.6420642,-1.9156039,-1.7339167,-1.6675618,
T3_N3,11/12/2015,T3,N,N3,21d,N3,CHAIN,Input,,November,13.27,2.67,1.89,1.78,5.89,0.11,7.27,0.78,2.2059925094,5890,2670,,,,,11/12/2015,3,3,CHAIN_3_N3_11_12_15,3,N3,3,CHAIN,CHAIN,11,12,15,11/12/2015,CHAIN_3_N3_11_12_15,38189.437809594,52.963666514773,56.942386017028,134,41.499698172269,1.2298010586799,0.8933452596709,2.8706178027485,1.6322025891685,0.0225434493472,0.0277143673875,0.0225356509428,0.0209383402901,0.0209064661519,0.0063535988002,0.0391983520028,0.0257042082763,0.0119828114129,0.0193965327059,0.0215039192678,0.42651126,0.25042,0.77011529,-0.9586073,0.86153441,-0.1079054,,1.61804494,0.08983486,-0.0489807,0.45797537,0.21277406,-1.6469796,-1.557295,-1.6471299,-1.6790577,-1.6797194,-2.1969802,-1.4067322,-1.5899958,-1.9214413,-1.7122759,-1.6674824,
T3_N4,11/12/2015,T3,N,N4,21d,N4,CHAIN,Input,,November,15.79,2.7,2.8,1.56,8.15,0.1,7.54,-0.1,3.0185185185,8150,2700,,,,,11/12/2015,3,3,CHAIN_3_N4_11_12_15,3,N4,3,CHAIN,CHAIN,11,12,15,11/12/2015,CHAIN_3_N4_11_12_15,38189.437809594,52.963666514773,56.942386017028,135,39.173580799725,1.1476182312564,0.9430761551286,2.7442768197951,1.6420544925758,0.0205680135862,0.0240956826431,0.0209962529235,0.0201832882313,0.0240924718513,0.0047305486858,0.0380399253595,0.0219788390388,0.0120653111701,0.0187054767281,0.0227847406934,0.43136376,0.1931246,0.91115761,-1,0.87737135,,,1.59299327,0.05979744,-0.0254532,0.43842792,0.21538757,-1.6868076,-1.6180608,-1.6778582,-1.6950081,-1.6181186,-2.3250885,-1.4197603,-1.6579953,-1.9184615,-1.7280312,-1.6423559,
FANK_A1,11/12/2015,FA,K,A1,21d,N2,Fank,,,November,10.5,1.69,1.31,2.65,3.21,0.18,7.11,0.38,1.899408284,3210,1690,,,,,11/12/2015,F,3,CHAIN_FANK_11_12_15,FANK,N2,F,Fank,CHAIN,11,12,15,11/12/2015,CHAIN_FANK_11_12_15,38189.437809594,52.963666514773,56.942386017028,137,52.581186291203,1.8301725450539,0.9099383554319,2.7064414962062,1.6077488367775,0.0394219601655,0.0617215573183,0.0337244471758,0.0256243816566,0.0284011009141,0.0061321830651,0.036964044209,0.0642295412998,0.0128833859568,0.0238626738575,0.0203910764791,0.2278867,0.42324587,0.50650503,-0.7447275,0.8518696,-0.4202164,,1.72083038,0.26249204,-0.040988,0.43239864,0.2062182,-1.4042618,-1.2095631,-1.4720552,-1.5913466,-1.5466648,-2.2123849,-1.4322205,-1.1922652,-1.88997,-1.6222809,-1.6905598,
Source,11/19/2015,So,r,ce,28d,A,Source,,,December Run 1,6.733115489,0.44706,0.1373421955,3.757715543,1.6024006143,0.3581397898,4.7725750849,0.3097178045,3.5843077312,1602.4006143,447.06,,,68.77,63.52,11/19/2015,S,3,CHAIN_SOURCE_11_19_15,SOURCE,N0,S,Source,CHAIN,11,19,15,11/19/2015,CHAIN_SOURCE_11_19_15,37440.676041309,57.675295102186,57.675295102186,190,51.373482729026,1.1376150257914,0.9120899244832,3.4727101443627,1.5827008761229,0.0186540450619,0.0213648594623,0.0187803949297,0.010569105537,0.0247299514729,0.0020272272914,0.0358160720381,0.0191003796213,0.0112624651671,0.0136641135338,0.0194435822583,-0.3496342,0.5749239,0.2047711,-0.4459474,0.67875277,-0.5090338,1.80291049,1.71073901,0.05599532,-0.0399623,0.54066854,0.19939884,-1.729227,-1.6703,-1.7262953,-1.9759618,-1.6067767,-2.6930976,-1.445922,-1.718958,-1.9483665,-1.8644185,-1.7112237,13.309376777
T1-N2,11/19/2015,T1,N,N2,28d,N2,CHAIN,Input,,December Run 1,11.207126253,1.29529,1.045757333,0.7011574119,2.6173997331,0.656374297,7.9333522231,0.249532667,2.0207055819,2617.3997331,1295.29,,,,,11/19/2015,1,1,CHAIN_1_N2_11_19_15_RERUN,1,N2,1,CHAIN,CHAIN,11,19,15,11/19/2015,,,,,,,,,,,,,,,,,,,,,,0.11236701,-0.1541845,0.41787005,-0.1828484,0.89945674,-0.6028726,,,,,,,,,,,,,,,,,,
T3-N0,11/19/2015,T3,N,N0,28d,N0,CHAIN,Input,,December Run 1,4.2835270086,0.32801,0.0139475389,0.5419569847,0.1007200584,0.1751589436,4.0076480067,0.3140624611,0.3070639871,100.72005841,328.01,,,98.08,67.87,11/19/2015,3,3,CHAIN_3_N0_11_19_15,3,N0,3,CHAIN,CHAIN,11,19,15,11/19/2015,CHAIN_3_N0_11_19_15,53579.260502026,37.124867653049,49.036620648862,185,22.962038999604,0.2072743387883,1.0338215358875,3.2105261685736,1.5627435814588,0.006938349856,0.0019257592553,0.0092908715405,0.0113024052282,0.0149676705184,0.0042866631354,0.0253084624182,0,0.007877207597,0.0109287153746,0.0159827333784,-0.4841129,-0.2660352,-0.996884,-0.7565677,0.60288957,-0.502984,1.83167785,1.36101045,-0.6834545,0.01444557,0.50657621,0.19388772,-2.1587438,-2.715398,-2.0319435,-1.9468291,-1.8248458,-2.3678806,-1.5967342,,-2.1036277,-1.9614309,-1.7963489,16.935120022
T2-N0,11/19/2015,T2,N,N0,28d,N0,CHAIN,Input,,December Run 1,3.8770540534,0.35086,0.0175828456,0.4244143779,0.1872970115,0.1368715521,3.5528854898,0.3332771544,0.5338226401,187.29701151,350.86,,,86.67,70.07,11/19/2015,2,3,CHAIN_2_N0_11_19_15,2,N0,2,CHAIN,CHAIN,11,19,15,11/19/2015,CHAIN_2_N0_11_19_15,53758.286780655,37.954448500837,48.873318500728,180,19.662709537219,0.0756416805849,1.0047593008518,3.0812156129776,1.5501425896416,0.0061003741367,0.0006183176185,0.008174297738,0.0098949995741,0.0075375400906,0.0007602734855,0.0238189257112,0,0.0072308239949,0.0102034521531,0.0127907483033,-0.4548661,-0.3722099,-0.7274692,-0.8636868,0.55058121,-0.4771945,1.84553212,1.29364336,-1.1212388,0.00206204,0.48872209,0.19037165,-2.2146435,-3.2087884,-2.0875495,-2.0045842,-2.1227704,-3.1190302,-1.6230778,,-2.1408122,-1.9912529,-1.893104,19.721997852
T1-N0,11/19/2015,T1,N,N0,28d,N0,CHAIN,Input,,December Run 1,5.5172912924,0.37517,0.0205322454,0.5444339362,0.1045532365,0.1267711973,5.2859668586,0.3546377546,0.2786822947,104.55323649,375.17,,,89.18,72.28,11/19/2015,1,3,CHAIN_1_N0_11_19_15,1,N0,1,CHAIN,CHAIN,11,19,15,11/19/2015,CHAIN_1_N0_11_19_15,53758.286780655,37.954448500837,48.873318500728,175,20.920649941108,0.1677838272088,1.0512336370867,3.2614074943832,1.5821298933295,0.0070853598687,0.0015578098127,0.00928462438,0.0103175418159,0.0104406968818,0.0036539724131,0.0244930405628,0,0.0078118241564,0.0101087883593,0.015423361947,-0.4257719,-0.2640548,-0.9806625,-0.8969794,0.72312444,-0.450215,1.85901814,1.32057517,-0.7752499,0.02169925,0.51340506,0.19924214,-2.1496381,-2.8074856,-2.0322357,-1.9864238,-1.9812705,-2.4372347,-1.6109573,,-2.1072475,-1.9953009,-1.8118209,13.673941198
T2-N1,11/19/2015,T2,N,N1,28d,N1,CHAIN,Input,,December Run 1,14.156130975,0.81742,0.5589005944,0.4527867313,1.2601903371,0.4587518512,12.437188786,0.2585194056,1.5416680986,1260.1903371,817.42,,,86.63,72.85,11/19/2015,2,3,CHAIN_2_N1_11_19_15,2,N1,2,CHAIN,CHAIN,11,19,15,11/19/2015,CHAIN_2_N1_11_19_15,37860.380945087,52.538376673257,54.966303759752,181,41.639783484303,1.1314805307384,0.8978047961825,2.4785925955212,1.5960559605959,0.0199203583996,0.0229076596462,0.0202457391213,0.0259025114128,0.0274815681022,0.0128616006131,0.0382521912683,0.0192686845578,0.0115816394954,0.0210929717173,0.0313003601761,-0.0875547,-0.3441063,0.10043615,-0.3384222,1.09472223,-0.5875069,1.86242956,1.61950846,0.05364709,-0.0468181,0.39420515,0.20304811,-1.7007029,-1.6400193,-1.6936664,-1.5866581,-1.5609585,-1.890705,-1.4173437,-1.7151479,-1.93623,-1.6758622,-1.5044507,5.857432998
T1-N1,11/19/2015,T1,N,N1,28d,N1,CHAIN,Input,,December Run 1,7.9602092905,0.77424,0.5629474453,0.5286715176,1.4194654951,0.3468649751,6.1938788202,0.2112925547,1.8333662625,1419.4654951,774.24,,,86.81,75.66,11/19/2015,1,3,CHAIN_1_N1_11_19_15,1,N1,1,CHAIN,CHAIN,11,19,15,11/19/2015,CHAIN_1_N1_11_19_15,53758.286780655,37.954448500837,48.873318500728,176,23.959244947979,0.2830208519612,0.9939032000325,2.8924717326777,1.6274377250235,0.0076292728392,0.0028584193103,0.0100996774284,0.0120106901321,0.0158956770963,0.0048051792336,0.0270313480351,0,0.0081125187551,0.0120825563996,0.013929014681,-0.1111244,-0.2768141,0.15212484,-0.4598396,0.7919627,-0.6751158,1.87886634,1.37947313,-0.5481816,-0.0026559,0.46126912,0.21150438,-2.1175169,-2.5438741,-1.9956925,-1.920432,-1.798721,-2.3182904,-1.5681323,,-2.0908443,-1.9178412,-1.8560796,12.2152858
T1-N2,11/19/2015,T1,N,N2,28d,N2,CHAIN,Input,,December Run 1,11.207126253,1.29529,1.045757333,0.7011574119,2.6173997331,0.656374297,7.9333522231,0.249532667,2.0207055819,2617.3997331,1295.29,,,88.15,76.87,11/19/2015,1,3,CHAIN_1_N2_11_19_15,1,N2,1,CHAIN,CHAIN,11,19,15,11/19/2015,CHAIN_1_N2_11_19_15,53758.286780655,37.954448500837,48.873318500728,177,77.328779765164,2.2783713432738,0.7702396142229,1.4534557924063,1.4970478547667,0.096341165058,0.1754702025329,0.077015629191,0.0580195435067,0.0604035980241,0.0319434080491,0.024817932164,0.1894075429138,0.0121987254872,0.044203135928,0.0095449778913,0.11236701,-0.1541845,0.41787005,-0.1828484,0.89945674,-0.6028726,1.88575688,1.88834116,0.35762451,-0.1133741,0.16240183,0.17523568,-1.0161881,-0.7557966,-1.1134211,-1.2364257,-1.2189372,-1.4956188,-1.6052344,-0.7226027,-1.9136855,-1.3545469,-2.0202251,9.6894727271
T2-N2,11/19/2015,T2,N,N2,28d,N2,CHAIN,Input,,December Run 1,20.907803988,1.17268,0.8995905663,0.5505137262,2.7872491755,0.858381393,17.262173419,0.2730894337,2.3768199129,2787.2491755,1172.68,,,81.43,79.21,11/19/2015,2,3,CHAIN_2_N2_11_19_15,2,N2,2,CHAIN,CHAIN,11,19,15,11/19/2015,CHAIN_2_N2_11_19_15,53579.260502026,37.124867653049,49.036620648862,182,28.572733091743,0.3983907523278,1.0387219534529,1.913885617949,1.5837537445578,0.0081227550621,0.0041274087037,0.010360202087,0.0233162790073,0.0258339316029,0.0113350547893,0.027010025082,0.0006482491025,0.0080192238969,0.0185885378741,0.0193012422341,0.06917952,-0.2592318,0.4451758,-0.0663197,1.23709548,-0.5636951,1.89878001,1.45595178,-0.3996908,0.01649931,0.28191598,0.19968765,-2.0902966,-2.3843225,-1.9846318,-1.6323408,-1.5878095,-1.9455764,-1.568475,-3.1882581,-2.0958677,-1.7307548,-1.7144147,4.5886458256
T3-N2,11/19/2015,T3,N,N2,28d,N2,CHAIN,Input,,December Run 1,12.806231561,1.32275,0.9953431737,0.5773098377,1.7719856995,0.7161151552,10.318130706,0.3274068263,1.3396225285,1771.9856995,1322.75,,,79.67,81.35,11/19/2015,3,3,CHAIN_3_N2_11_19_15,3,N2,3,CHAIN,CHAIN,11,19,15,11/19/2015,CHAIN_3_N2_11_19_15,53579.260502026,37.124867653049,49.036620648862,187,33.068541181903,0.3915141964011,0.9904439124083,1.6913774022987,1.5096530633384,0.0091412951754,0.004498232259,0.0114893209502,0.0344265737344,0.0296911268727,0.0158578784563,0.0297290533672,0.0008860197411,0.0086112548815,0.026285381306,0.0246817781727,0.12147777,-0.238591,0.24846021,-0.1450171,1.01360103,-0.4849123,1.91035756,1.51941504,-0.4072525,-0.0041701,0.22824052,0.17887715,-2.0389923,-2.3469581,-1.9397056,-1.4631062,-1.5273733,-1.7997549,-1.5268189,-3.0525566,-2.0649336,-1.5802857,-1.6076236,7.8841800242
T1-N3,11/19/2015,T1,N,N3,28d,N3,CHAIN,Input,,December Run 1,12.530862594,1.95572,1.7520356984,0.7191716045,4.3252788338,1.2174920696,6.9880916904,0.2036843016,2.2116043369,4325.2788338,1955.72,,,90.62,83.74,11/19/2015,1,3,CHAIN_1_N3_11_19_15,1,N3,1,CHAIN,CHAIN,11,19,15,11/19/2015,CHAIN_1_N3_11_19_15,53758.286780655,37.954448500837,48.873318500728,178,31.017475485776,0.4810325852899,1.2792080789303,1.7243789418257,1.5946637633967,0.0111789076335,0.0068246609869,0.0141875232482,0.0258069384397,0.0198261577336,0.0086742133211,0.0314185306453,0.003402879291,0.0101928252585,0.0220021162728,0.0244497267304,0.29130668,-0.1431675,0.63601411,0.08546614,0.84435859,-0.6910424,1.92293296,1.49160645,-0.3178255,0.10694119,0.23663271,0.20266913,-1.9516006,-2.1659189,-1.8480934,-1.5882635,-1.7027614,-2.0617699,-1.5028141,-2.4681535,-1.9917054,-1.6575355,-1.611726,11.983242881
T2-N3,11/19/2015,T2,N,N3,28d,N3,CHAIN,Input,,December Run 1,18.452178998,2.22442,1.9139097337,1.2030778535,6.253367406,2.0562521532,10.142559439,0.3105102663,2.8112350213,6253.367406,2224.42,,,81.05,86.34,11/19/2015,2,3,CHAIN_2_N3_11_19_15,2,N3,2,CHAIN,CHAIN,11,19,15,11/19/2015,CHAIN_2_N3_11_19_15,53579.260502026,37.124867653049,49.036620648862,183,38.155411360844,0.7113564481351,1.3886082932478,1.4487551626716,1.6199844242413,0.0150615228107,0.0126411023708,0.0177704193221,0.0329334465931,0.0269028893021,0.0157695097351,0.0357961335806,0.0092366933014,0.0118043907576,0.0273972587547,0.029768793757,0.34721679,0.08029373,0.79611395,0.31307637,1.00614756,-0.507924,1.93621204,1.58155614,-0.1479127,0.14257975,0.160995,0.20951084,-1.8221311,-1.8982151,-1.7503023,-1.4823628,-1.5702011,-1.8021818,-1.4461639,-2.0344835,-1.9279564,-1.5622929,-1.5262388,8.5126442218
T3-N1,11/19/2015,T3,N,N1,28d,N1,CHAIN,Input,,December Run 1,9.0695546655,0.721,0.5172660438,0.3354693019,0.6698809134,0.4373766817,7.9622970703,0.2037339562,0.9290997412,669.88091342,721,,,75.92,87.46,11/19/2015,3,3,CHAIN_3_N1_11_19_15,3,N1,3,CHAIN,CHAIN,11,19,15,11/19/2015,CHAIN_3_N1_11_19_15,53579.260502026,37.124867653049,49.036620648862,186,29.463241758811,0.5709946464446,1.049680585632,2.0792730230431,1.5292633191879,0.0095678157771,0.0065857593429,0.0115338372853,0.0238263979475,0.0257899987955,0.0097615212581,0.0303196878799,0.0021801059083,0.0090830887843,0.0195445353192,0.0226226801787,-0.1420647,-0.4743472,-0.1740024,-0.3591444,0.90103838,-0.6909366,1.94180947,1.46928053,-0.243368,0.02105716,0.31791152,0.18448227,-2.0191872,-2.1813941,-1.9380262,-1.6229416,-1.5885487,-2.0104825,-1.5182753,-2.6615224,-2.0417664,-1.7089747,-1.6454559,10.984267383
T3-N4,11/19/2015,T3,N,N4,28d,N4,CHAIN,Input,,December Run 1,26.173690438,1.60402,1.3722490315,1.3140903154,4.8557113724,1.3575268336,19.960452232,0.2317709685,3.0272137332,4855.7113724,1604.02,,,79.22,94.15,11/19/2015,3,3,CHAIN_3_N4_11_19_15,3,N4,3,CHAIN,CHAIN,11,19,15,11/19/2015,CHAIN_3_N4_11_19_15,37440.676041309,57.675295102186,57.675295102186,189,81.01893028637,1.1949437247382,1.1751985679077,1.1238906216723,1.6521296665728,0.0350498068831,0.0448135793074,0.0375026692719,0.0657612378756,0.1088932638131,0.0584509629881,0.0581093684698,0.0416710727074,0.0192919396797,0.0502321494671,0.0404803289377,0.20520978,0.11862521,0.68625286,0.13274842,1.30017038,-0.634941,1.97382032,1.9085865,0.07734745,0.07011125,0.05072405,0.21804413,-1.4553144,-1.3485904,-1.4259378,-1.18203,-0.962999,-1.2332083,-1.2357538,-1.3801653,-1.7146241,-1.2990182,-1.392756,4.7168269991
T3-N3,11/19/2015,T3,N,N3,28d,N3,CHAIN,Input,,December Run 1,19.506946893,2.0842,1.8011466345,1.1796594031,6.1571414185,2.9453182674,10.404487207,0.2830533655,2.9541989341,6157.1414185,2084.2,,,79.4,94.9,11/19/2015,3,3,CHAIN_3_N3_11_19_15,3,N3,3,CHAIN,CHAIN,11,19,15,11/19/2015,CHAIN_3_N3_11_19_15,37440.676041309,57.675295102186,57.675295102186,188,75.509206639148,1.212394336379,1.1631511884686,1.4099920349642,1.6267237615227,0.0352823286215,0.0444439976332,0.0366580379828,0.0605851355147,0.0447921760686,0.0274982589148,0.0564048687965,0.0415971770808,0.0187618061721,0.0492000543324,0.0496760925276,0.31893939,0.07175663,0.78937913,0.46913223,1.01722068,-0.5481317,1.97726621,1.87799991,0.0836439,0.06563617,0.14921666,0.21131381,-1.4524428,-1.3521869,-1.4358308,-1.2176339,-1.3487978,-1.5606948,-1.2486834,-1.3809361,-1.7267254,-1.3080344,-1.3038526,9.1210646053
T1-N4,11/19/2015,T1,N,N4,28d,N4,CHAIN,Input,,December Run 1,13.622458388,2.11941,1.9124007385,1.2064555146,6.9506092802,1.4758732389,5.1959758693,0.2070092615,3.2795019747,6950.6092802,2119.41,,,103.21,97.51,11/19/2015,1,3,CHAIN_1_N4_11_19_15,1,N4,1,CHAIN,CHAIN,11,19,15,11/19/2015,CHAIN_1_N4_11_19_15,53758.286780655,37.954448500837,48.873318500728,179,45.328064059196,0.7937693719201,1.3977915358273,1.2229851926487,1.6114624732527,0.0179477570596,0.0171210038843,0.0215692422635,0.0514133890625,0.0386240819935,0.0270516738702,0.0402139119959,0.0130929789505,0.0133100095762,0.0379668809977,0.0418538931671,0.32621498,0.08151131,0.84202288,0.16904906,0.71566713,-0.6840102,1.98904916,1.65636717,-0.1003057,0.14544241,0.0874212,0.2072202,-1.7459898,-1.7664708,-1.6661651,-1.2889238,-1.4131418,-1.5678059,-1.3956237,-1.8829615,-1.8758216,-1.4205951,-1.3782641,18.766445891
T2-N4,11/19/2015,T2,N,N4,28d,N4,CHAIN,Input,,December Run 1,16.839153077,1.83898,1.6047028899,1.890544479,5.76932954,1.3989852667,9.6708382702,0.2342771101,3.1372443094,5769.32954,1838.98,,,82.26,103.58,11/19/2015,2,3,CHAIN_2_N4_11_19_15,2,N4,2,CHAIN,CHAIN,11,19,15,11/19/2015,CHAIN_2_N4_11_19_15,53579.260502026,37.124867653049,49.036620648862,184,45.156431707299,0.8116183395919,1.2528318251491,1.1136634830939,1.6204960193244,0.0185741690959,0.0172240453692,0.0212218533379,0.0449379348308,0.0699630549823,0.042277785762,0.0410757220739,0.0133639699421,0.0135490872124,0.0337378977046,0.0348757964036,0.26457701,0.2765869,0.76112535,0.14581314,0.98546412,-0.6302701,2.01527591,1.65471962,-0.0906481,0.09789278,0.04675398,0.20964797,-1.7310906,-1.7638648,-1.6732167,-1.3473869,-1.1551312,-1.3738878,-1.3864148,-1.8740645,-1.86809,-1.471882,-1.4574759,10.710550327
Fank Surface,11/19/2015,Fa,k,ce,28d,N2,Fank,,,December Run 1,8.0983729029,1.37116,1.1776572356,1.2454112061,2.899204411,0.1146742608,5.0844942312,0.1935027644,2.1144172897,2899.204411,1371.16,,,75.74,72.1,11/19/2015,F,3,CHAIN_FANK_11_19_15,FANK,N2,F,Fank,CHAIN,11,19,15,11/19/2015,CHAIN_FANK_11_19_15,37440.676041309,57.675295102186,57.675295102186,191,44.828107788185,1.2336185351024,0.9211578971645,3.2518907585635,1.5691928038277,0.0207120727878,0.0255612089975,0.0207205130842,0.0140194806404,0.0224454423444,0.0056832836017,0.0390368940117,0.0226166110202,0.0120821439859,0.0156586074945,0.0186999116842,0.13708814,0.09531277,0.46227884,-0.9405341,0.70624776,-0.7133128,1.85793526,1.65155041,0.09118089,-0.0356659,0.51213595,0.19567631,-1.6837764,-1.5924186,-1.6835995,-1.8532681,-1.6488718,-2.2454007,-1.4085247,-1.6455725,-1.917856,-1.8052469,-1.7281604,14.180368139
